report_id;timestamp;capture_n;risk_score;risk_level;decision;rf_class;rf_confidence;n_critical;n_warnings;security_status;n_sec_events;latency_ms;packet_loss_pct;throughput_mbps;mos_proxy
RPT-20260504232631;2026-05-04 23:26:31;1;21.0;🟢 FAIBLE    — Reseau stable;🟢 AUCUNE ACTION;—;0;0;0;CLEAN;0;36.62;0.09;46.34;4.31
RPT-20260504232639;2026-05-04 23:26:39;2;35.8;🟡 MODERE    — Situation a surveiller;🟡 SURVEILLANCE ROUTINE;—;0;0;1;CLEAN;0;182.47;2.31;31.75;3.36
RPT-20260504232647;2026-05-04 23:26:47;3;57.4;🟡 MODERE    — Situation a surveiller;🟡 SURVEILLANCE ROUTINE;—;0;2;0;CLEAN;0;323.19;7.03;17.68;2.18
RPT-20260504232655;2026-05-04 23:26:55;4;21.0;🟢 FAIBLE    — Reseau stable;🟢 AUCUNE ACTION;—;0;0;0;CLEAN;0;47.23;0.28;45.28;4.24
RPT-20260504232703;2026-05-04 23:27:03;5;68.7;🟠 ELEVE     — Surveillance renforcee;🟠 ACTION URGENTE;—;0;2;0;MEDIUM;1;207.47;4.65;29.25;3.0
RPT-20260504232711;2026-05-04 23:27:11;6;32.2;🟡 MODERE    — Situation a surveiller;🟡 SURVEILLANCE ROUTINE;—;0;0;0;CLEAN;0;55.1;0;44.49;4.22
RPT-20260504232719;2026-05-04 23:27:19;7;47.1;🟡 MODERE    — Situation a surveiller;🟡 SURVEILLANCE ROUTINE;—;0;0;1;CLEAN;0;143.52;1.44;35.65;3.64
RPT-20260504232727;2026-05-04 23:27:27;8;32.2;🟡 MODERE    — Situation a surveiller;🟡 SURVEILLANCE ROUTINE;—;0;0;0;CLEAN;0;31.82;0.17;46.82;4.32
RPT-20260504232735;2026-05-04 23:27:35;9;47.1;🟡 MODERE    — Situation a surveiller;🟡 SURVEILLANCE ROUTINE;—;0;0;1;CLEAN;0;179.81;2.63;32.02;3.34
RPT-20260504232743;2026-05-04 23:27:43;10;68.7;🟠 ELEVE     — Surveillance renforcee;🟠 ACTION URGENTE;—;0;2;0;MEDIUM;1;322.33;6.8;17.77;2.21
RPT-20260504232751;2026-05-04 23:27:51;11;32.2;🟡 MODERE    — Situation a surveiller;🟡 SURVEILLANCE ROUTINE;—;0;0;0;CLEAN;0;47.24;0;45.28;4.26
RPT-20260504232759;2026-05-04 23:27:59;12;68.7;🟠 ELEVE     — Surveillance renforcee;🟠 ACTION URGENTE;—;0;2;0;MEDIUM;1;210.54;4.47;28.95;3.0
RPT-20260504232807;2026-05-04 23:28:07;13;32.2;🟡 MODERE    — Situation a surveiller;🟡 SURVEILLANCE ROUTINE;—;0;0;0;CLEAN;0;57.87;0;44.21;4.21
RPT-20260504232815;2026-05-04 23:28:15;14;47.1;🟡 MODERE    — Situation a surveiller;🟡 SURVEILLANCE ROUTINE;—;0;0;1;CLEAN;0;157.0;1.71;34.3;3.54
RPT-20260504232823;2026-05-04 23:28:23;15;32.2;🟡 MODERE    — Situation a surveiller;🟡 SURVEILLANCE ROUTINE;—;0;0;0;CLEAN;0;22.15;0.1;47.78;4.38
RPT-20260504232831;2026-05-04 23:28:31;16;47.1;🟡 MODERE    — Situation a surveiller;🟡 SURVEILLANCE ROUTINE;—;0;0;1;CLEAN;0;181.9;2.24;31.81;3.37
RPT-20260504232839;2026-05-04 23:28:39;17;68.7;🟠 ELEVE     — Surveillance renforcee;🟠 ACTION URGENTE;—;0;2;0;MEDIUM;1;325.43;7.01;17.46;2.17
RPT-20260504232847;2026-05-04 23:28:47;18;32.2;🟡 MODERE    — Situation a surveiller;🟡 SURVEILLANCE ROUTINE;—;0;0;0;CLEAN;0;51.25;0.24;44.87;4.22
RPT-20260504232855;2026-05-04 23:28:55;19;68.7;🟠 ELEVE     — Surveillance renforcee;🟠 ACTION URGENTE;—;0;2;0;MEDIUM;1;216.47;4.72;28.35;2.95
RPT-20260504232904;2026-05-04 23:29:03;20;32.2;🟡 MODERE    — Situation a surveiller;🟡 SURVEILLANCE ROUTINE;—;0;0;0;CLEAN;0;66.16;0.22;43.38;4.15
RPT-20260504232911;2026-05-04 23:29:11;21;47.1;🟡 MODERE    — Situation a surveiller;🟡 SURVEILLANCE ROUTINE;—;0;0;1;CLEAN;0;143.32;1.63;35.67;3.62
RPT-20260504232919;2026-05-04 23:29:19;22;32.2;🟡 MODERE    — Situation a surveiller;🟡 SURVEILLANCE ROUTINE;—;0;0;0;CLEAN;0;22.06;0;47.79;4.39
RPT-20260504232927;2026-05-04 23:29:27;23;47.1;🟡 MODERE    — Situation a surveiller;🟡 SURVEILLANCE ROUTINE;—;0;0;1;CLEAN;0;187.92;2.77;31.21;3.28
RPT-20260504232935;2026-05-04 23:29:35;24;68.7;🟠 ELEVE     — Surveillance renforcee;🟠 ACTION URGENTE;—;0;2;0;MEDIUM;1;313.56;6.82;18.64;2.25
RPT-20260504232943;2026-05-04 23:29:43;25;32.2;🟡 MODERE    — Situation a surveiller;🟡 SURVEILLANCE ROUTINE;—;0;0;0;CLEAN;0;44.58;0;45.54;4.28
RPT-20260504232951;2026-05-04 23:29:51;26;68.7;🟠 ELEVE     — Surveillance renforcee;🟠 ACTION URGENTE;—;0;2;0;MEDIUM;1;205.21;4.24;29.48;3.05
RPT-20260504232959;2026-05-04 23:29:59;27;32.2;🟡 MODERE    — Situation a surveiller;🟡 SURVEILLANCE ROUTINE;—;0;0;0;CLEAN;0;55.89;0;44.41;4.22
RPT-20260504233007;2026-05-04 23:30:07;28;47.1;🟡 MODERE    — Situation a surveiller;🟡 SURVEILLANCE ROUTINE;—;0;0;1;CLEAN;0;157.08;1.79;34.29;3.54
RPT-20260504233015;2026-05-04 23:30:15;29;32.2;🟡 MODERE    — Situation a surveiller;🟡 SURVEILLANCE ROUTINE;—;0;0;0;CLEAN;0;34.56;0.11;46.54;4.32
RPT-20260504233023;2026-05-04 23:30:23;30;30.4;🟡 MODERE    — Situation a surveiller;🟡 SURVEILLANCE ROUTINE;—;0;0;1;CLEAN;0;173.31;2.79;32.67;3.35
RPT-20260504233031;2026-05-04 23:30:31;31;67.1;🟠 ELEVE     — Surveillance renforcee;🟠 ACTION URGENTE;—;0;2;0;MEDIUM;1;320.3;7.28;17.97;2.17
RPT-20260504233039;2026-05-04 23:30:39;32;29.6;🟢 FAIBLE    — Reseau stable;🟢 AUCUNE ACTION;—;0;0;0;CLEAN;0;51.52;0.33;44.85;4.21
RPT-20260504233047;2026-05-04 23:30:47;33;67.5;🟠 ELEVE     — Surveillance renforcee;🟠 ACTION URGENTE;—;0;2;0;MEDIUM;1;211.78;4.78;28.82;2.96
RPT-20260504233055;2026-05-04 23:30:55;34;29.6;🟢 FAIBLE    — Reseau stable;🟢 AUCUNE ACTION;—;0;0;0;CLEAN;0;67.81;0.29;43.22;4.13
RPT-20260504233103;2026-05-04 23:31:03;35;29.5;🟢 FAIBLE    — Reseau stable;🟢 AUCUNE ACTION;—;0;0;1;CLEAN;0;157.48;1.8;34.25;3.53
RPT-20260504233111;2026-05-04 23:31:11;36;29.5;🟢 FAIBLE    — Reseau stable;🟢 AUCUNE ACTION;—;0;0;0;CLEAN;0;35.22;0.06;46.48;4.32
RPT-20260504233119;2026-05-04 23:31:19;37;29.6;🟢 FAIBLE    — Reseau stable;🟢 AUCUNE ACTION;—;0;0;1;CLEAN;0;175.02;2.73;32.5;3.35
RPT-20260504233127;2026-05-04 23:31:27;38;68.2;🟠 ELEVE     — Surveillance renforcee;🟠 ACTION URGENTE;—;0;2;0;MEDIUM;1;324.18;7.19;17.58;2.16
RPT-20260504233135;2026-05-04 23:31:35;39;29.4;🟢 FAIBLE    — Reseau stable;🟢 AUCUNE ACTION;—;0;0;0;CLEAN;0;44.8;0.19;45.52;4.26
RPT-20260504233143;2026-05-04 23:31:43;40;68.6;🟠 ELEVE     — Surveillance renforcee;🟠 ACTION URGENTE;—;0;2;0;MEDIUM;1;205.57;4.78;29.44;2.99
RPT-20260504233151;2026-05-04 23:31:51;41;29.3;🟢 FAIBLE    — Reseau stable;🟢 AUCUNE ACTION;—;0;0;0;CLEAN;0;65.6;0.21;43.44;4.15
RPT-20260504233159;2026-05-04 23:31:59;42;29.3;🟢 FAIBLE    — Reseau stable;🟢 AUCUNE ACTION;—;0;0;1;CLEAN;0;143.68;1.74;35.63;3.61
RPT-20260504233207;2026-05-04 23:32:07;43;29.3;🟢 FAIBLE    — Reseau stable;🟢 AUCUNE ACTION;—;0;0;0;CLEAN;0;26.07;0;47.39;4.37
RPT-20260504233215;2026-05-04 23:32:15;44;29.3;🟢 FAIBLE    — Reseau stable;🟢 AUCUNE ACTION;—;0;0;1;CLEAN;0;183.16;2.67;31.68;3.32
RPT-20260504233223;2026-05-04 23:32:23;45;68.8;🟠 ELEVE     — Surveillance renforcee;🟠 ACTION URGENTE;—;0;2;0;MEDIUM;1;318.8;6.82;18.12;2.22
RPT-20260504233231;2026-05-04 23:32:31;46;29.1;🟢 FAIBLE    — Reseau stable;🟢 AUCUNE ACTION;—;0;0;0;CLEAN;0;43.14;0;45.69;4.28
RPT-20260504233239;2026-05-04 23:32:39;47;68.8;🟠 ELEVE     — Surveillance renforcee;🟠 ACTION URGENTE;—;0;2;0;MEDIUM;1;204.35;4.29;29.57;3.05
RPT-20260504233247;2026-05-04 23:32:47;48;29.1;🟢 FAIBLE    — Reseau stable;🟢 AUCUNE ACTION;—;0;0;0;CLEAN;0;61.43;0.28;43.86;4.17
RPT-20260504233255;2026-05-04 23:32:55;49;29.0;🟢 FAIBLE    — Reseau stable;🟢 AUCUNE ACTION;—;0;0;1;CLEAN;0;146.16;1.75;35.38;3.59
RPT-20260504233927;2026-05-04 23:39:27;1;21.0;🟢 FAIBLE    — Reseau stable;🟢 AUCUNE ACTION;—;0;0;0;CLEAN;0;30.01;0.03;47.0;4.35
RPT-20260504233935;2026-05-04 23:39:35;2;35.8;🟡 MODERE    — Situation a surveiller;🟡 SURVEILLANCE ROUTINE;—;0;0;1;CLEAN;0;172.29;2.52;32.77;3.39
RPT-20260504233943;2026-05-04 23:39:43;3;57.4;🟡 MODERE    — Situation a surveiller;🟡 SURVEILLANCE ROUTINE;—;0;2;0;CLEAN;0;313.52;7.04;18.65;2.23
RPT-20260504233951;2026-05-04 23:39:51;4;21.0;🟢 FAIBLE    — Reseau stable;🟢 AUCUNE ACTION;—;0;0;0;CLEAN;0;48.94;0.07;45.11;4.25
RPT-20260504233959;2026-05-04 23:39:59;5;68.2;🟠 ELEVE     — Surveillance renforcee;🟠 ACTION URGENTE;—;0;2;0;MEDIUM;1;211.46;4.31;28.85;3.01
RPT-20260504234007;2026-05-04 23:40:07;6;31.8;🟡 MODERE    — Situation a surveiller;🟡 SURVEILLANCE ROUTINE;—;0;0;0;CLEAN;0;66.17;0.15;43.38;4.15
RPT-20260504234015;2026-05-04 23:40:15;7;46.6;🟡 MODERE    — Situation a surveiller;🟡 SURVEILLANCE ROUTINE;—;0;0;1;CLEAN;0;151.08;1.47;34.89;3.6
RPT-20260504234023;2026-05-04 23:40:23;8;31.8;🟡 MODERE    — Situation a surveiller;🟡 SURVEILLANCE ROUTINE;—;0;0;0;CLEAN;0;35.13;0;46.49;4.32
RPT-20260504234031;2026-05-04 23:40:31;9;46.7;🟡 MODERE    — Situation a surveiller;🟡 SURVEILLANCE ROUTINE;—;0;0;1;CLEAN;0;175.32;2.65;32.47;3.36
RPT-20260504234039;2026-05-04 23:40:39;10;68.3;🟠 ELEVE     — Surveillance renforcee;🟠 ACTION URGENTE;—;0;2;0;MEDIUM;1;327.44;7.17;17.26;2.15
RPT-20260504234047;2026-05-04 23:40:47;11;31.8;🟡 MODERE    — Situation a surveiller;🟡 SURVEILLANCE ROUTINE;—;0;0;0;CLEAN;0;40.19;0;45.98;4.3
RPT-20260504234055;2026-05-04 23:40:55;12;68.3;🟠 ELEVE     — Surveillance renforcee;🟠 ACTION URGENTE;—;0;2;0;MEDIUM;1;210.76;4.44;28.92;3.0
RPT-20260504234103;2026-05-04 23:41:03;13;31.8;🟡 MODERE    — Situation a surveiller;🟡 SURVEILLANCE ROUTINE;—;0;0;0;CLEAN;0;59.13;0.05;44.09;4.2
RPT-20260504234111;2026-05-04 23:41:11;14;46.7;🟡 MODERE    — Situation a surveiller;🟡 SURVEILLANCE ROUTINE;—;0;0;1;CLEAN;0;156.9;1.65;34.31;3.55
RPT-20260504234119;2026-05-04 23:41:19;15;31.8;🟡 MODERE    — Situation a surveiller;🟡 SURVEILLANCE ROUTINE;—;0;0;0;CLEAN;0;22.85;0.15;47.71;4.37
RPT-20260504234127;2026-05-04 23:41:27;16;46.7;🟡 MODERE    — Situation a surveiller;🟡 SURVEILLANCE ROUTINE;—;0;0;1;CLEAN;0;176.84;2.74;32.32;3.34
RPT-20260504235425;2026-05-04 23:54:25;1;21.0;🟢 FAIBLE    — Reseau stable;🟢 AUCUNE ACTION;—;0;0;0;CLEAN;0;26.54;0.06;47.35;4.36
RPT-20260504235433;2026-05-04 23:54:33;2;35.8;🟡 MODERE    — Situation a surveiller;🟡 SURVEILLANCE ROUTINE;—;0;0;1;CLEAN;0;183.25;2.39;31.67;3.34
RPT-20260504235441;2026-05-04 23:54:41;3;57.4;🟡 MODERE    — Situation a surveiller;🟡 SURVEILLANCE ROUTINE;—;0;2;0;CLEAN;0;325.49;6.92;17.45;2.18
RPT-20260504235449;2026-05-04 23:54:49;4;21.0;🟢 FAIBLE    — Reseau stable;🟢 AUCUNE ACTION;—;0;0;0;CLEAN;0;49.61;0.02;45.04;4.25
RPT-20260504235457;2026-05-04 23:54:57;5;68.6;🟠 ELEVE     — Surveillance renforcee;🟠 ACTION URGENTE;—;0;2;0;MEDIUM;1;216.17;4.38;28.38;2.98
RPT-20260504235508;2026-05-04 23:55:08;1;21.0;🟢 FAIBLE    — Reseau stable;🟢 AUCUNE ACTION;—;0;0;0;CLEAN;0;34.57;0;46.54;4.33
RPT-20260504235516;2026-05-04 23:55:16;2;35.8;🟡 MODERE    — Situation a surveiller;🟡 SURVEILLANCE ROUTINE;—;0;0;1;CLEAN;0;175.13;2.42;32.49;3.38
RPT-20260504235524;2026-05-04 23:55:24;3;57.4;🟡 MODERE    — Situation a surveiller;🟡 SURVEILLANCE ROUTINE;—;0;2;0;CLEAN;0;316.08;7.04;18.39;2.22
RPT-20260504235532;2026-05-04 23:55:32;4;21.0;🟢 FAIBLE    — Reseau stable;🟢 AUCUNE ACTION;—;0;0;0;CLEAN;0;48.98;0;45.1;4.26
RPT-20260504235540;2026-05-04 23:55:40;5;70.3;🟠 ELEVE     — Surveillance renforcee;🟠 ACTION URGENTE;—;0;2;0;HIGH;1;217.38;4.36;28.26;2.98
RPT-20260504235548;2026-05-04 23:55:48;6;33.8;🟡 MODERE    — Situation a surveiller;🟡 SURVEILLANCE ROUTINE;—;0;0;0;CLEAN;0;57.6;0;44.24;4.21
RPT-20260504235556;2026-05-04 23:55:56;7;48.7;🟡 MODERE    — Situation a surveiller;🟡 SURVEILLANCE ROUTINE;—;0;0;1;CLEAN;0;157.03;1.51;34.3;3.56
RPT-20260504235604;2026-05-04 23:56:04;8;33.8;🟡 MODERE    — Situation a surveiller;🟡 SURVEILLANCE ROUTINE;—;0;0;0;CLEAN;0;27.09;0;47.29;4.36
RPT-20260504235612;2026-05-04 23:56:12;9;48.7;🟡 MODERE    — Situation a surveiller;🟡 SURVEILLANCE ROUTINE;—;0;0;1;CLEAN;0;172.08;2.32;32.79;3.41
RPT-20260504235620;2026-05-04 23:56:20;10;70.3;🟠 ELEVE     — Surveillance renforcee;🟠 ACTION URGENTE;—;0;2;0;HIGH;1;322.93;7.18;17.71;2.17
RPT-20260504235628;2026-05-04 23:56:28;11;33.8;🟡 MODERE    — Situation a surveiller;🟡 SURVEILLANCE ROUTINE;—;0;0;0;CLEAN;0;48.97;0.37;45.1;4.22
RPT-20260504235636;2026-05-04 23:56:36;12;70.3;🟠 ELEVE     — Surveillance renforcee;🟠 ACTION URGENTE;—;0;2;0;HIGH;1;207.68;4.55;29.23;3.01
RPT-20260504235644;2026-05-04 23:56:44;13;33.8;🟡 MODERE    — Situation a surveiller;🟡 SURVEILLANCE ROUTINE;—;0;0;0;CLEAN;0;67.93;0;43.21;4.16
RPT-20260504235652;2026-05-04 23:56:52;14;48.7;🟡 MODERE    — Situation a surveiller;🟡 SURVEILLANCE ROUTINE;—;0;0;1;CLEAN;0;146.2;1.73;35.38;3.6
RPT-20260504235700;2026-05-04 23:57:00;15;33.8;🟡 MODERE    — Situation a surveiller;🟡 SURVEILLANCE ROUTINE;—;0;0;0;CLEAN;0;30.74;0.2;46.93;4.33
RPT-20260504235708;2026-05-04 23:57:08;16;48.7;🟡 MODERE    — Situation a surveiller;🟡 SURVEILLANCE ROUTINE;—;0;0;1;CLEAN;0;187.1;2.31;31.29;3.33
RPT-20260504235725;2026-05-04 23:57:25;1;21.0;🟢 FAIBLE    — Reseau stable;🟢 AUCUNE ACTION;—;0;0;0;CLEAN;0;37.4;0.14;46.26;4.3
RPT-20260504235733;2026-05-04 23:57:33;2;35.8;🟡 MODERE    — Situation a surveiller;🟡 SURVEILLANCE ROUTINE;—;0;0;1;CLEAN;0;176.2;2.49;32.38;3.37
RPT-20260504235741;2026-05-04 23:57:41;3;57.4;🟡 MODERE    — Situation a surveiller;🟡 SURVEILLANCE ROUTINE;—;0;2;0;CLEAN;0;324.2;7.18;17.58;2.16
RPT-20260505093930;2026-05-05 09:39:30;1;21.0;🟢 FAIBLE    — Reseau stable;🟢 AUCUNE ACTION;—;0;0;0;CLEAN;0;23.99;0.28;47.6;4.35
RPT-20260505093938;2026-05-05 09:39:38;2;35.8;🟡 MODERE    — Situation a surveiller;🟡 SURVEILLANCE ROUTINE;—;0;0;1;CLEAN;0;184.68;2.54;31.53;3.32
RPT-20260505093946;2026-05-05 09:39:46;3;57.4;🟡 MODERE    — Situation a surveiller;🟡 SURVEILLANCE ROUTINE;—;0;2;0;CLEAN;0;315.71;7.15;18.43;2.21
RPT-20260505093954;2026-05-05 09:39:54;4;21.0;🟢 FAIBLE    — Reseau stable;🟢 AUCUNE ACTION;—;0;0;0;CLEAN;0;37.58;0;46.24;4.31
RPT-20260505094002;2026-05-05 09:40:02;5;68.8;🟠 ELEVE     — Surveillance renforcee;🟠 ACTION URGENTE;—;0;2;0;MEDIUM;1;215.52;4.53;28.45;2.97
RPT-20260505094010;2026-05-05 09:40:10;6;32.4;🟡 MODERE    — Situation a surveiller;🟡 SURVEILLANCE ROUTINE;—;0;0;0;CLEAN;0;63.0;0.24;43.7;4.16
RPT-20260505094018;2026-05-05 09:40:18;7;47.2;🟡 MODERE    — Situation a surveiller;🟡 SURVEILLANCE ROUTINE;—;0;0;1;CLEAN;0;143.27;1.55;35.67;3.63
RPT-20260505094026;2026-05-05 09:40:26;8;32.4;🟡 MODERE    — Situation a surveiller;🟡 SURVEILLANCE ROUTINE;—;0;0;0;CLEAN;0;25.1;0;47.49;4.37
RPT-20260505094034;2026-05-05 09:40:34;9;47.2;🟡 MODERE    — Situation a surveiller;🟡 SURVEILLANCE ROUTINE;—;0;0;1;CLEAN;0;186.21;2.71;31.38;3.3
RPT-20260505094042;2026-05-05 09:40:42;10;68.8;🟠 ELEVE     — Surveillance renforcee;🟠 ACTION URGENTE;—;0;2;0;MEDIUM;1;324.07;6.99;17.59;2.18
RPT-20260505094050;2026-05-05 09:40:50;11;32.3;🟡 MODERE    — Situation a surveiller;🟡 SURVEILLANCE ROUTINE;—;0;0;0;CLEAN;0;49.32;0.26;45.07;4.23
RPT-20260505094058;2026-05-05 09:40:58;12;68.8;🟠 ELEVE     — Surveillance renforcee;🟠 ACTION URGENTE;—;0;2;0;MEDIUM;1;213.36;4.34;28.66;3.0
RPT-20260505094106;2026-05-05 09:41:06;13;32.3;🟡 MODERE    — Situation a surveiller;🟡 SURVEILLANCE ROUTINE;—;0;0;0;CLEAN;0;57.36;0;44.26;4.21
RPT-20260505094114;2026-05-05 09:41:14;14;47.2;🟡 MODERE    — Situation a surveiller;🟡 SURVEILLANCE ROUTINE;—;0;0;1;CLEAN;0;152.75;1.76;34.73;3.56
RPT-20260505094122;2026-05-05 09:41:22;15;32.3;🟡 MODERE    — Situation a surveiller;🟡 SURVEILLANCE ROUTINE;—;0;0;0;CLEAN;0;30.78;0;46.92;4.35
RPT-20260505094130;2026-05-05 09:41:30;16;47.2;🟡 MODERE    — Situation a surveiller;🟡 SURVEILLANCE ROUTINE;—;0;0;1;CLEAN;0;174.14;2.51;32.59;3.38
RPT-20260505094138;2026-05-05 09:41:38;17;68.8;🟠 ELEVE     — Surveillance renforcee;🟠 ACTION URGENTE;—;0;2;0;MEDIUM;1;314.74;7.06;18.53;2.22
RPT-20260505094146;2026-05-05 09:41:46;18;32.3;🟡 MODERE    — Situation a surveiller;🟡 SURVEILLANCE ROUTINE;—;0;0;0;CLEAN;0;49.21;0.2;45.08;4.23
RPT-20260505094303;2026-05-05 09:43:03;1;21.0;🟢 FAIBLE    — Reseau stable;🟢 AUCUNE ACTION;—;0;0;0;CLEAN;0;32.16;0;46.78;4.34
RPT-20260505094311;2026-05-05 09:43:11;2;35.8;🟡 MODERE    — Situation a surveiller;🟡 SURVEILLANCE ROUTINE;—;0;0;1;CLEAN;0;172.86;2.39;32.71;3.4
RPT-20260505094319;2026-05-05 09:43:19;3;57.4;🟡 MODERE    — Situation a surveiller;🟡 SURVEILLANCE ROUTINE;—;0;2;0;CLEAN;0;325.57;6.94;17.44;2.18
RPT-20260505094327;2026-05-05 09:43:27;4;21.0;🟢 FAIBLE    — Reseau stable;🟢 AUCUNE ACTION;—;0;0;0;CLEAN;0;45.08;0.25;45.49;4.25
RPT-20260505094335;2026-05-05 09:43:35;5;66.3;🟠 ELEVE     — Surveillance renforcee;🟠 ACTION URGENTE;—;0;2;0;MEDIUM;1;213.94;4.53;28.61;2.98
RPT-20260505094343;2026-05-05 09:43:43;6;29.8;🟢 FAIBLE    — Reseau stable;🟢 AUCUNE ACTION;—;0;0;0;CLEAN;0;60.68;0.28;43.93;4.17
RPT-20260505094351;2026-05-05 09:43:51;7;44.7;🟡 MODERE    — Situation a surveiller;🟡 SURVEILLANCE ROUTINE;—;0;0;1;CLEAN;0;144.21;1.62;35.58;3.62
RPT-20260505094359;2026-05-05 09:43:59;8;29.8;🟢 FAIBLE    — Reseau stable;🟢 AUCUNE ACTION;—;0;0;0;CLEAN;0;33.87;0.13;46.61;4.32
RPT-20260505094407;2026-05-05 09:44:07;9;44.7;🟡 MODERE    — Situation a surveiller;🟡 SURVEILLANCE ROUTINE;—;0;0;1;CLEAN;0;187.57;2.42;31.24;3.32
RPT-20260505094415;2026-05-05 09:44:15;10;66.3;🟠 ELEVE     — Surveillance renforcee;🟠 ACTION URGENTE;—;0;2;0;MEDIUM;1;313.32;6.83;18.67;2.25
RPT-20260505094423;2026-05-05 09:44:23;11;29.8;🟢 FAIBLE    — Reseau stable;🟢 AUCUNE ACTION;—;0;0;0;CLEAN;0;39.18;0;46.08;4.3
RPT-20260505094431;2026-05-05 09:44:31;12;66.3;🟠 ELEVE     — Surveillance renforcee;🟠 ACTION URGENTE;—;0;2;0;MEDIUM;1;208.74;4.63;29.13;2.99
RPT-20260505094439;2026-05-05 09:44:39;13;29.8;🟢 FAIBLE    — Reseau stable;🟢 AUCUNE ACTION;—;0;0;0;CLEAN;0;62.74;0.19;43.73;4.17
RPT-20260505094447;2026-05-05 09:44:47;14;44.7;🟡 MODERE    — Situation a surveiller;🟡 SURVEILLANCE ROUTINE;—;0;0;1;CLEAN;0;147.92;1.68;35.21;3.59
RPT-20260505094455;2026-05-05 09:44:55;15;29.8;🟢 FAIBLE    — Reseau stable;🟢 AUCUNE ACTION;—;0;0;0;CLEAN;0;23.47;0;47.65;4.38
RPT-20260505094503;2026-05-05 09:45:03;16;44.7;🟡 MODERE    — Situation a surveiller;🟡 SURVEILLANCE ROUTINE;—;0;0;1;CLEAN;0;176.36;2.38;32.36;3.38
RPT-20260505094511;2026-05-05 09:45:11;17;66.3;🟠 ELEVE     — Surveillance renforcee;🟠 ACTION URGENTE;—;0;2;0;MEDIUM;1;322.86;7.23;17.71;2.16
RPT-20260505094519;2026-05-05 09:45:19;18;29.8;🟢 FAIBLE    — Reseau stable;🟢 AUCUNE ACTION;—;0;0;0;CLEAN;0;38.05;0;46.19;4.31
RPT-20260505094527;2026-05-05 09:45:27;19;66.3;🟠 ELEVE     — Surveillance renforcee;🟠 ACTION URGENTE;—;0;2;0;MEDIUM;1;207.5;4.52;29.25;3.01
RPT-20260505094536;2026-05-05 09:45:35;20;29.8;🟢 FAIBLE    — Reseau stable;🟢 AUCUNE ACTION;—;0;0;0;CLEAN;0;53.11;0;44.69;4.23
RPT-20260505094543;2026-05-05 09:45:43;21;44.7;🟡 MODERE    — Situation a surveiller;🟡 SURVEILLANCE ROUTINE;—;0;0;1;CLEAN;0;154.05;1.38;34.6;3.59
RPT-20260505094551;2026-05-05 09:45:51;22;29.8;🟢 FAIBLE    — Reseau stable;🟢 AUCUNE ACTION;—;0;0;0;CLEAN;0;28.07;0;47.19;4.36
RPT-20260505094559;2026-05-05 09:45:59;23;44.7;🟡 MODERE    — Situation a surveiller;🟡 SURVEILLANCE ROUTINE;—;0;0;1;CLEAN;0;173.18;2.23;32.68;3.41
RPT-20260505094607;2026-05-05 09:46:07;24;66.3;🟠 ELEVE     — Surveillance renforcee;🟠 ACTION URGENTE;—;0;2;0;MEDIUM;1;313.82;7.12;18.62;2.22
RPT-20260505094615;2026-05-05 09:46:15;25;29.8;🟢 FAIBLE    — Reseau stable;🟢 AUCUNE ACTION;—;0;0;0;CLEAN;0;48.05;0;45.2;4.26
RPT-20260505094623;2026-05-05 09:46:23;26;66.3;🟠 ELEVE     — Surveillance renforcee;🟠 ACTION URGENTE;—;0;2;0;MEDIUM;1;208.26;4.39;29.17;3.02
RPT-20260505094631;2026-05-05 09:46:31;27;29.8;🟢 FAIBLE    — Reseau stable;🟢 AUCUNE ACTION;—;0;0;0;CLEAN;0;56.36;0.18;44.36;4.2
RPT-20260505094639;2026-05-05 09:46:39;28;44.7;🟡 MODERE    — Situation a surveiller;🟡 SURVEILLANCE ROUTINE;—;0;0;1;CLEAN;0;152.57;1.75;34.74;3.56
RPT-20260505094647;2026-05-05 09:46:47;29;29.8;🟢 FAIBLE    — Reseau stable;🟢 AUCUNE ACTION;—;0;0;0;CLEAN;0;30.17;0;46.98;4.35
RPT-20260505094655;2026-05-05 09:46:55;30;28.5;🟢 FAIBLE    — Reseau stable;🟢 AUCUNE ACTION;—;0;0;1;CLEAN;0;176.0;2.65;32.4;3.36
RPT-20260505094703;2026-05-05 09:47:03;31;63.9;🟠 ELEVE     — Surveillance renforcee;🟠 ACTION URGENTE;—;0;2;0;MEDIUM;1;317.51;6.94;18.25;2.22
RPT-20260505094711;2026-05-05 09:47:11;32;27.2;🟢 FAIBLE    — Reseau stable;🟢 AUCUNE ACTION;—;0;0;0;CLEAN;0;47.35;0.35;45.27;4.23
RPT-20260505094719;2026-05-05 09:47:19;33;65.2;🟠 ELEVE     — Surveillance renforcee;🟠 ACTION URGENTE;—;0;2;0;MEDIUM;1;213.67;4.51;28.63;2.98
RPT-20260505094727;2026-05-05 09:47:27;34;27.2;🟢 FAIBLE    — Reseau stable;🟢 AUCUNE ACTION;—;0;0;0;CLEAN;0;54.43;0.0;44.56;4.23
RPT-20260505094735;2026-05-05 09:47:35;35;27.1;🟢 FAIBLE    — Reseau stable;🟢 AUCUNE ACTION;—;0;0;1;CLEAN;0;151.95;1.23;34.8;3.62
RPT-20260505094743;2026-05-05 09:47:43;36;27.0;🟢 FAIBLE    — Reseau stable;🟢 AUCUNE ACTION;—;0;0;0;CLEAN;0;24.68;0.21;47.53;4.36
RPT-20260505094751;2026-05-05 09:47:51;37;28.4;🟢 FAIBLE    — Reseau stable;🟢 AUCUNE ACTION;—;0;0;1;CLEAN;0;182.41;2.37;31.76;3.35
RPT-20260505094759;2026-05-05 09:47:59;38;65.7;🟠 ELEVE     — Surveillance renforcee;🟠 ACTION URGENTE;—;0;2;0;MEDIUM;1;314.67;6.82;18.53;2.24
RPT-20260505094807;2026-05-05 09:48:07;39;26.9;🟢 FAIBLE    — Reseau stable;🟢 AUCUNE ACTION;—;0;0;0;CLEAN;0;39.34;0.27;46.07;4.28
